{"Mean":{"confidence_interval":{"confidence_level":0.95,"lower_bound":2870894.7763167825,"upper_bound":3104449.561746925},"point_estimate":2975229.8101232373,"standard_error":59583.194395471546},"Median":{"confidence_interval":{"confidence_level":0.95,"lower_bound":2766143.350515464,"upper_bound":2987839.714285714},"point_estimate":2873276.5210918114,"standard_error":56872.66672390845},"MedianAbsDev":{"confidence_interval":{"confidence_level":0.95,"lower_bound":269885.4715537335,"upper_bound":415446.76420156425},"point_estimate":328705.185762347,"standard_error":36739.68724949425},"Slope":{"confidence_interval":{"confidence_level":0.95,"lower_bound":2671848.7448741393,"upper_bound":2792307.5646796986},"point_estimate":2731488.7123629376,"standard_error":30587.242788481602},"StdDev":{"confidence_interval":{"confidence_level":0.95,"lower_bound":344872.8794173009,"upper_bound":868534.1822189356},"point_estimate":595783.5045648686,"standard_error":154285.19933558194}}