{"Mean":{"confidence_interval":{"confidence_level":0.95,"lower_bound":97.40047018043326,"upper_bound":99.81906171093918},"point_estimate":98.59274765118823,"standard_error":0.6155693039648521},"Median":{"confidence_interval":{"confidence_level":0.95,"lower_bound":95.36424050632911,"upper_bound":98.60702039335695},"point_estimate":96.69813334701348,"standard_error":0.8549293164100327},"MedianAbsDev":{"confidence_interval":{"confidence_level":0.95,"lower_bound":4.4144987946814025,"upper_bound":8.43383200988831},"point_estimate":6.134863035710745,"standard_error":1.0062022683546563},"Slope":{"confidence_interval":{"confidence_level":0.95,"lower_bound":96.27730268669413,"upper_bound":99.62681303843156},"point_estimate":97.89406119709473,"standard_error":0.8528348605939331},"StdDev":{"confidence_interval":{"confidence_level":0.95,"lower_bound":5.465281237743128,"upper_bound":6.758212211628768},"point_estimate":6.16956439447501,"standard_error":0.3304340506122115}}