{"Mean":{"confidence_interval":{"confidence_level":0.95,"lower_bound":109.9343515494932,"upper_bound":111.64314400024575},"point_estimate":110.68677417188304,"standard_error":0.44025997264512867},"Median":{"confidence_interval":{"confidence_level":0.95,"lower_bound":109.11452439296058,"upper_bound":109.66968937468947},"point_estimate":109.22563802401719,"standard_error":0.14346569990056587},"MedianAbsDev":{"confidence_interval":{"confidence_level":0.95,"lower_bound":0.4747358436546307,"upper_bound":1.191387378742113},"point_estimate":0.6797010009871249,"standard_error":0.18672608482265532},"Slope":{"confidence_interval":{"confidence_level":0.95,"lower_bound":109.71191209935994,"upper_bound":110.9294259510866},"point_estimate":110.22920611186144,"standard_error":0.31295386843468476},"StdDev":{"confidence_interval":{"confidence_level":0.95,"lower_bound":1.6679316444182049,"upper_bound":6.498887034776816},"point_estimate":4.440805537262849,"standard_error":1.206690568263547}}