{"Mean":{"confidence_interval":{"confidence_level":0.95,"lower_bound":100.33369245249943,"upper_bound":101.40378380502277},"point_estimate":100.85350818104824,"standard_error":0.27297217705200477},"Median":{"confidence_interval":{"confidence_level":0.95,"lower_bound":100.28558360554042,"upper_bound":101.05821294903635},"point_estimate":100.68159377295463,"standard_error":0.18782664816925426},"MedianAbsDev":{"confidence_interval":{"confidence_level":0.95,"lower_bound":1.3249184959957758,"upper_bound":2.0047727857347},"point_estimate":1.6544963410845084,"standard_error":0.17381016141117794},"Slope":{"confidence_interval":{"confidence_level":0.95,"lower_bound":100.39978936526558,"upper_bound":101.38536571842165},"point_estimate":100.91596544847987,"standard_error":0.24999786733858523},"StdDev":{"confidence_interval":{"confidence_level":0.95,"lower_bound":1.9343676155422236,"upper_bound":3.478191184349255},"point_estimate":2.737964991969952,"standard_error":0.3948960702090716}}