{"Mean":{"confidence_interval":{"confidence_level":0.95,"lower_bound":104.43228908973875,"upper_bound":107.04502780357328},"point_estimate":105.70150885566915,"standard_error":0.6654918796860413},"Median":{"confidence_interval":{"confidence_level":0.95,"lower_bound":103.77054852470988,"upper_bound":107.08740097359812},"point_estimate":105.45607891213774,"standard_error":0.971115051782812},"MedianAbsDev":{"confidence_interval":{"confidence_level":0.95,"lower_bound":4.940253116076499,"upper_bound":7.820932559379836},"point_estimate":6.730628332795252,"standard_error":0.74889891359974},"Slope":{"confidence_interval":{"confidence_level":0.95,"lower_bound":105.43704783921977,"upper_bound":107.89064054757407},"point_estimate":106.65963757277997,"standard_error":0.6247169926413643},"StdDev":{"confidence_interval":{"confidence_level":0.95,"lower_bound":5.275656895146359,"upper_bound":8.409855536266571},"point_estimate":6.7176623783934515,"standard_error":0.8376210375757946}}