{"Mean":{"confidence_interval":{"confidence_level":0.95,"lower_bound":98.92041883829279,"upper_bound":101.20416785894366},"point_estimate":100.01501881328592,"standard_error":0.5839991282290162},"Median":{"confidence_interval":{"confidence_level":0.95,"lower_bound":97.81246845027763,"upper_bound":99.93875820292781},"point_estimate":98.8030843275669,"standard_error":0.5821243955514417},"MedianAbsDev":{"confidence_interval":{"confidence_level":0.95,"lower_bound":3.195156905252003,"upper_bound":5.659742230635686},"point_estimate":4.303858447091742,"standard_error":0.6684512297704893},"Slope":{"confidence_interval":{"confidence_level":0.95,"lower_bound":97.43621981669918,"upper_bound":99.86420354450475},"point_estimate":98.58111121950834,"standard_error":0.6189687576162112},"StdDev":{"confidence_interval":{"confidence_level":0.95,"lower_bound":4.382438662781541,"upper_bound":7.303428873328411},"point_estimate":5.878533379501347,"standard_error":0.7522929008553241}}