{"Mean":{"confidence_interval":{"confidence_level":0.95,"lower_bound":105.6185563376929,"upper_bound":107.42493159603195},"point_estimate":106.43693440075529,"standard_error":0.4625971011311588},"Median":{"confidence_interval":{"confidence_level":0.95,"lower_bound":104.90447617003005,"upper_bound":106.37946718324064},"point_estimate":105.73544185107181,"standard_error":0.3719724504624727},"MedianAbsDev":{"confidence_interval":{"confidence_level":0.95,"lower_bound":2.2513950529398237,"upper_bound":3.812214313026691},"point_estimate":3.0197317763100777,"standard_error":0.42047019490788134},"Slope":{"confidence_interval":{"confidence_level":0.95,"lower_bound":105.12042458250126,"upper_bound":106.51887177676963},"point_estimate":105.79723381147225,"standard_error":0.35763170918856757},"StdDev":{"confidence_interval":{"confidence_level":0.95,"lower_bound":2.7453415169837636,"upper_bound":6.71396634719265},"point_estimate":4.657302104985138,"standard_error":1.1327720517785578}}