{"Mean":{"confidence_interval":{"confidence_level":0.95,"lower_bound":93.39951782177747,"upper_bound":95.42738448966118},"point_estimate":94.39374947401276,"standard_error":0.5163441234280015},"Median":{"confidence_interval":{"confidence_level":0.95,"lower_bound":92.15994870016569,"upper_bound":94.13018884695882},"point_estimate":93.29694017855098,"standard_error":0.4603639895100531},"MedianAbsDev":{"confidence_interval":{"confidence_level":0.95,"lower_bound":3.7022688117399727,"upper_bound":6.417002103103883},"point_estimate":5.1310752494836205,"standard_error":0.6502454019339419},"Slope":{"confidence_interval":{"confidence_level":0.95,"lower_bound":93.34432454267315,"upper_bound":96.2908842517257},"point_estimate":94.7725913883258,"standard_error":0.7553576274795899},"StdDev":{"confidence_interval":{"confidence_level":0.95,"lower_bound":4.342156161399564,"upper_bound":5.862646532414173},"point_estimate":5.153017499518042,"standard_error":0.38979509539408014}}