{"Mean":{"confidence_interval":{"confidence_level":0.95,"lower_bound":104.39702709160022,"upper_bound":106.15930817170018},"point_estimate":105.25620114859701,"standard_error":0.44866731538202326},"Median":{"confidence_interval":{"confidence_level":0.95,"lower_bound":103.63608132775708,"upper_bound":105.77575838290568},"point_estimate":104.5530422323947,"standard_error":0.5584729483972097},"MedianAbsDev":{"confidence_interval":{"confidence_level":0.95,"lower_bound":2.6239044593206713,"upper_bound":4.0707645449688},"point_estimate":3.343895326951801,"standard_error":0.38509702397617196},"Slope":{"confidence_interval":{"confidence_level":0.95,"lower_bound":105.56730840235963,"upper_bound":108.11087815860489},"point_estimate":106.78898073184405,"standard_error":0.6520970171139011},"StdDev":{"confidence_interval":{"confidence_level":0.95,"lower_bound":3.5965042850125593,"upper_bound":5.280686093210728},"point_estimate":4.498694506889765,"standard_error":0.4293440716496136}}