{"Mean":{"confidence_interval":{"confidence_level":0.95,"lower_bound":108.88744922896298,"upper_bound":109.50587732578023},"point_estimate":109.16942234809167,"standard_error":0.15821951948856017},"Median":{"confidence_interval":{"confidence_level":0.95,"lower_bound":108.45656374200213,"upper_bound":108.78259710971662},"point_estimate":108.58369297407356,"standard_error":0.08681516669649203},"MedianAbsDev":{"confidence_interval":{"confidence_level":0.95,"lower_bound":0.3674409585651907,"upper_bound":0.7386163519810918},"point_estimate":0.5419683249258196,"standard_error":0.10101209454243817},"Slope":{"confidence_interval":{"confidence_level":0.95,"lower_bound":108.96816591364487,"upper_bound":109.8481913076673},"point_estimate":109.35235149824922,"standard_error":0.22530260086303575},"StdDev":{"confidence_interval":{"confidence_level":0.95,"lower_bound":0.9480150830428073,"upper_bound":2.2291279619599913},"point_estimate":1.5868991818198346,"standard_error":0.3399244723281942}}