{"Mean":{"confidence_interval":{"confidence_level":0.95,"lower_bound":86.69432222089361,"upper_bound":88.78758358370747},"point_estimate":87.72535535059899,"standard_error":0.5343900803455307},"Median":{"confidence_interval":{"confidence_level":0.95,"lower_bound":85.79822961568978,"upper_bound":88.52680960851241},"point_estimate":87.17622559100613,"standard_error":0.7786625067985338},"MedianAbsDev":{"confidence_interval":{"confidence_level":0.95,"lower_bound":3.52385795634533,"upper_bound":5.780382956252791},"point_estimate":4.4132475803241515,"standard_error":0.5660584892550636},"Slope":{"confidence_interval":{"confidence_level":0.95,"lower_bound":87.36647978011449,"upper_bound":89.91316360081986},"point_estimate":88.60160273786441,"standard_error":0.6523197946234112},"StdDev":{"confidence_interval":{"confidence_level":0.95,"lower_bound":4.465116238655,"upper_bound":6.186672744453699},"point_estimate":5.3687882560786315,"standard_error":0.43699698412026705}}