{"Mean":{"confidence_interval":{"confidence_level":0.95,"lower_bound":150.38534840912948,"upper_bound":152.25898216953306},"point_estimate":151.29789949300334,"standard_error":0.4791615557782307},"Median":{"confidence_interval":{"confidence_level":0.95,"lower_bound":149.27387195600943,"upper_bound":151.9683173605656},"point_estimate":150.4410107278569,"standard_error":0.7493013605118466},"MedianAbsDev":{"confidence_interval":{"confidence_level":0.95,"lower_bound":3.284808643522241,"upper_bound":5.542230196359864},"point_estimate":4.163444679049965,"standard_error":0.604110965231133},"Slope":{"confidence_interval":{"confidence_level":0.95,"lower_bound":150.59257669432154,"upper_bound":152.1699037706014},"point_estimate":151.3716683874693,"standard_error":0.4028425637601366},"StdDev":{"confidence_interval":{"confidence_level":0.95,"lower_bound":3.826845360002888,"upper_bound":5.7807684196886004},"point_estimate":4.812492479135979,"standard_error":0.5023611450877856}}