{"Mean":{"confidence_interval":{"confidence_level":0.95,"lower_bound":113.51695257452202,"upper_bound":114.27941696194861},"point_estimate":113.86174390054178,"standard_error":0.1951218365222145},"Median":{"confidence_interval":{"confidence_level":0.95,"lower_bound":113.07207103285083,"upper_bound":113.4424649407577},"point_estimate":113.25505576718743,"standard_error":0.08777582887977116},"MedianAbsDev":{"confidence_interval":{"confidence_level":0.95,"lower_bound":0.4379469123134841,"upper_bound":0.885394103787403},"point_estimate":0.6543741861997455,"standard_error":0.11318206136071704},"Slope":{"confidence_interval":{"confidence_level":0.95,"lower_bound":113.44633017263303,"upper_bound":114.23577206901737},"point_estimate":113.79006080600243,"standard_error":0.2030805799931189},"StdDev":{"confidence_interval":{"confidence_level":0.95,"lower_bound":1.0702231983980919,"upper_bound":2.728797436652383},"point_estimate":1.948486116647696,"standard_error":0.43065278349282443}}