{"Mean":{"confidence_interval":{"confidence_level":0.95,"lower_bound":113.23806026500395,"upper_bound":114.5470959016079},"point_estimate":113.77987265563273,"standard_error":0.3414823601241811},"Median":{"confidence_interval":{"confidence_level":0.95,"lower_bound":112.73806267541207,"upper_bound":112.98820679543572},"point_estimate":112.87178205911204,"standard_error":0.0653112565286514},"MedianAbsDev":{"confidence_interval":{"confidence_level":0.95,"lower_bound":0.2556479771573661,"upper_bound":0.5742388412108564},"point_estimate":0.3969881557192725,"standard_error":0.07735539273762766},"Slope":{"confidence_interval":{"confidence_level":0.95,"lower_bound":113.27037523739678,"upper_bound":114.52521169335088},"point_estimate":113.84236831181255,"standard_error":0.3202396070816346},"StdDev":{"confidence_interval":{"confidence_level":0.95,"lower_bound":1.2195904456627016,"upper_bound":5.484703071882359},"point_estimate":3.441278967013544,"standard_error":1.3089579526612267}}