{"Mean":{"confidence_interval":{"confidence_level":0.95,"lower_bound":83089.10446932062,"upper_bound":88997.48604378723},"point_estimate":85888.89284056863,"standard_error":1511.661303286261},"Median":{"confidence_interval":{"confidence_level":0.95,"lower_bound":79815.59745989305,"upper_bound":82324.57142857143},"point_estimate":81080.68344558668,"standard_error":664.3015271350575},"MedianAbsDev":{"confidence_interval":{"confidence_level":0.95,"lower_bound":3884.4904436170596,"upper_bound":7495.761619008046},"point_estimate":5475.793140341121,"standard_error":880.8200253296449},"Slope":{"confidence_interval":{"confidence_level":0.95,"lower_bound":77984.3877724654,"upper_bound":80018.55966990007},"point_estimate":79011.60148662627,"standard_error":521.0384848065249},"StdDev":{"confidence_interval":{"confidence_level":0.95,"lower_bound":11271.805854099053,"upper_bound":18548.239506006754},"point_estimate":15225.923157776499,"standard_error":1859.090444150923}}