{"Mean":{"confidence_interval":{"confidence_level":0.95,"lower_bound":56316830.30223027,"upper_bound":57028105.993916705},"point_estimate":56657921.57030382,"standard_error":181322.25242979513},"Median":{"confidence_interval":{"confidence_level":0.95,"lower_bound":55981353.05633803,"upper_bound":56546838.21356422},"point_estimate":56282391.229516804,"standard_error":123113.64175313553},"MedianAbsDev":{"confidence_interval":{"confidence_level":0.95,"lower_bound":959664.467358708,"upper_bound":1610091.5920470122},"point_estimate":1323811.0870443776,"standard_error":165009.85866472113},"Slope":{"confidence_interval":{"confidence_level":0.95,"lower_bound":56761737.7590221,"upper_bound":57549434.50113471},"point_estimate":57148677.039444365,"standard_error":199401.97818817495},"StdDev":{"confidence_interval":{"confidence_level":0.95,"lower_bound":1401485.5752689433,"upper_bound":2206980.18907744},"point_estimate":1815275.7265138843,"standard_error":207097.77648298943}}