{"Mean":{"confidence_interval":{"confidence_level":0.95,"lower_bound":3014867.935927794,"upper_bound":3269688.271507724},"point_estimate":3131094.7530675028,"standard_error":65153.26922647461},"Median":{"confidence_interval":{"confidence_level":0.95,"lower_bound":2917996.1313725486,"upper_bound":3027827.3018867923},"point_estimate":2987564.3494865214,"standard_error":30480.94403569413},"MedianAbsDev":{"confidence_interval":{"confidence_level":0.95,"lower_bound":205136.63629874497,"upper_bound":334718.6455473751},"point_estimate":263758.5701073494,"standard_error":33103.63398733034},"Slope":{"confidence_interval":{"confidence_level":0.95,"lower_bound":2864456.185315183,"upper_bound":2942688.974234155},"point_estimate":2903256.040295552,"standard_error":19899.77536374352},"StdDev":{"confidence_interval":{"confidence_level":0.95,"lower_bound":354807.4495754815,"upper_bound":896677.4512183144},"point_estimate":653400.7126406407,"standard_error":137935.07464249394}}