{"Mean":{"confidence_interval":{"confidence_level":0.95,"lower_bound":50260446.238846794,"upper_bound":50870903.671217196},"point_estimate":50558660.50276228,"standard_error":155233.94408989893},"Median":{"confidence_interval":{"confidence_level":0.95,"lower_bound":49970449.102650315,"upper_bound":50515401.73239437},"point_estimate":50332102.54301076,"standard_error":138481.76522489433},"MedianAbsDev":{"confidence_interval":{"confidence_level":0.95,"lower_bound":904394.6652304429,"upper_bound":1540883.5074933483},"point_estimate":1163434.3107759727,"standard_error":165989.35838569194},"Slope":{"confidence_interval":{"confidence_level":0.95,"lower_bound":50564024.650513746,"upper_bound":51291015.93316159},"point_estimate":50915919.97001035,"standard_error":184529.6684033523},"StdDev":{"confidence_interval":{"confidence_level":0.95,"lower_bound":1253840.5112517246,"upper_bound":1836002.605661452},"point_estimate":1556495.4806552827,"standard_error":148929.19820854013}}