{"Mean":{"confidence_interval":{"confidence_level":0.95,"lower_bound":160619.02855479612,"upper_bound":168854.5525220502},"point_estimate":164513.4641699575,"standard_error":2103.788429632413},"Median":{"confidence_interval":{"confidence_level":0.95,"lower_bound":157492.61960784314,"upper_bound":164616.96418128657},"point_estimate":160769.8598279477,"standard_error":1731.7971481004754},"MedianAbsDev":{"confidence_interval":{"confidence_level":0.95,"lower_bound":11176.741516771619,"upper_bound":17866.850299819285},"point_estimate":14193.660101263584,"standard_error":1803.9817101075548},"Slope":{"confidence_interval":{"confidence_level":0.95,"lower_bound":156862.8160776462,"upper_bound":163021.39536641625},"point_estimate":159891.5793215441,"standard_error":1576.7155880189268},"StdDev":{"confidence_interval":{"confidence_level":0.95,"lower_bound":14158.646265039155,"upper_bound":27683.770412793216},"point_estimate":21088.80144282102,"standard_error":3495.47092342394}}