{"Mean":{"confidence_interval":{"confidence_level":0.95,"lower_bound":80513.06225931273,"upper_bound":135553.96921823427},"point_estimate":100727.80579741471,"standard_error":15648.096502449998},"Median":{"confidence_interval":{"confidence_level":0.95,"lower_bound":71556.35666666667,"upper_bound":79494.13600677339},"point_estimate":74240.128125,"standard_error":2160.7811631540544},"MedianAbsDev":{"confidence_interval":{"confidence_level":0.95,"lower_bound":10552.69338401255,"upper_bound":19499.262275370616},"point_estimate":12690.78825789908,"standard_error":2360.141994021476},"Slope":{"confidence_interval":{"confidence_level":0.95,"lower_bound":69209.20637606067,"upper_bound":73143.58870732723},"point_estimate":71072.4115368701,"standard_error":1006.4509466047024},"StdDev":{"confidence_interval":{"confidence_level":0.95,"lower_bound":24310.719609266027,"upper_bound":266405.85793859867},"point_estimate":157535.716981125,"standard_error":83271.82108884811}}