{"Mean":{"confidence_interval":{"confidence_level":0.95,"lower_bound":589.3054558334367,"upper_bound":600.8458514036611},"point_estimate":594.9467765255195,"standard_error":2.94361436713097},"Median":{"confidence_interval":{"confidence_level":0.95,"lower_bound":588.4387091323815,"upper_bound":598.6538247469301},"point_estimate":593.0149312717256,"standard_error":2.7750464227137144},"MedianAbsDev":{"confidence_interval":{"confidence_level":0.95,"lower_bound":21.68672925312138,"upper_bound":32.87207497261678},"point_estimate":27.507814958321358,"standard_error":2.819868132190762},"Slope":{"confidence_interval":{"confidence_level":0.95,"lower_bound":582.4139507754512,"upper_bound":594.9967091976047},"point_estimate":588.6953724500671,"standard_error":3.216472047422173},"StdDev":{"confidence_interval":{"confidence_level":0.95,"lower_bound":23.54272572845103,"upper_bound":35.502153593108986},"point_estimate":29.628926067532763,"standard_error":3.078780500571228}}