{"Mean":{"confidence_interval":{"confidence_level":0.95,"lower_bound":633.1733224615369,"upper_bound":645.9403583163149},"point_estimate":638.4762043683273,"standard_error":3.314070354818566},"Median":{"confidence_interval":{"confidence_level":0.95,"lower_bound":627.9815780179416,"upper_bound":633.8641896823715},"point_estimate":630.4790352538287,"standard_error":1.329627801789368},"MedianAbsDev":{"confidence_interval":{"confidence_level":0.95,"lower_bound":6.464113708057962,"upper_bound":11.905862887601977},"point_estimate":9.29105099055346,"standard_error":1.2836297320156016},"Slope":{"confidence_interval":{"confidence_level":0.95,"lower_bound":630.7234026265575,"upper_bound":638.2009004424898},"point_estimate":634.1649758339784,"standard_error":1.9142188209381095},"StdDev":{"confidence_interval":{"confidence_level":0.95,"lower_bound":12.258280668535303,"upper_bound":52.91053173675364},"point_estimate":33.38279831958872,"standard_error":12.315866227267486}}