{"Mean":{"confidence_interval":{"confidence_level":0.95,"lower_bound":632.1452866366368,"upper_bound":640.4321130951344},"point_estimate":636.1183324286375,"standard_error":2.115474701184798},"Median":{"confidence_interval":{"confidence_level":0.95,"lower_bound":628.1547232529375,"upper_bound":634.9029264874964},"point_estimate":632.5626766091052,"standard_error":1.980699360471668},"MedianAbsDev":{"confidence_interval":{"confidence_level":0.95,"lower_bound":10.648497395235067,"upper_bound":18.35100856279717},"point_estimate":14.550099941472952,"standard_error":1.9975432968790836},"Slope":{"confidence_interval":{"confidence_level":0.95,"lower_bound":627.4885722438227,"upper_bound":634.2365251521138},"point_estimate":630.6764071363731,"standard_error":1.7174542346400865},"StdDev":{"confidence_interval":{"confidence_level":0.95,"lower_bound":15.815289052384177,"upper_bound":26.310656317891876},"point_estimate":21.298245015957683,"standard_error":2.6799549471141515}}