{"Mean":{"confidence_interval":{"confidence_level":0.95,"lower_bound":521.1124753606795,"upper_bound":535.4925380594091},"point_estimate":528.0743683770968,"standard_error":3.6630572265004946},"Median":{"confidence_interval":{"confidence_level":0.95,"lower_bound":511.39467073748165,"upper_bound":525.132987505178},"point_estimate":518.3125795561459,"standard_error":3.424198624915007},"MedianAbsDev":{"confidence_interval":{"confidence_level":0.95,"lower_bound":22.559221014191852,"upper_bound":37.68489333663119},"point_estimate":31.651389985883025,"standard_error":3.934065286876332},"Slope":{"confidence_interval":{"confidence_level":0.95,"lower_bound":514.5599263540031,"upper_bound":533.8413367532673},"point_estimate":523.3766833042831,"standard_error":4.935837655200272},"StdDev":{"confidence_interval":{"confidence_level":0.95,"lower_bound":29.132312754394352,"upper_bound":43.716891598701736},"point_estimate":36.73663906723902,"standard_error":3.7382310326890646}}