{"Mean":{"confidence_interval":{"confidence_level":0.95,"lower_bound":649.3526876734146,"upper_bound":661.0350995782467},"point_estimate":654.8009830916774,"standard_error":2.9757655813065234},"Median":{"confidence_interval":{"confidence_level":0.95,"lower_bound":644.8835749738766,"upper_bound":653.9081513213546},"point_estimate":647.8793967567158,"standard_error":2.3992167663510715},"MedianAbsDev":{"confidence_interval":{"confidence_level":0.95,"lower_bound":12.03390478949031,"upper_bound":19.80535884109064},"point_estimate":16.336531380745736,"standard_error":1.9863744863719708},"Slope":{"confidence_interval":{"confidence_level":0.95,"lower_bound":649.5660340710551,"upper_bound":660.7332741203492},"point_estimate":654.8843663639652,"standard_error":2.850758231170043},"StdDev":{"confidence_interval":{"confidence_level":0.95,"lower_bound":19.75947840965978,"upper_bound":40.76026582723291},"point_estimate":30.03354241432286,"standard_error":5.576760921564329}}