{"Mean":{"confidence_interval":{"confidence_level":0.95,"lower_bound":531.601468222652,"upper_bound":551.2423147895673},"point_estimate":540.7803901759145,"standard_error":5.0020399488893315},"Median":{"confidence_interval":{"confidence_level":0.95,"lower_bound":521.586816,"upper_bound":536.7728397388821},"point_estimate":526.9248685425686,"standard_error":3.9746791688925622},"MedianAbsDev":{"confidence_interval":{"confidence_level":0.95,"lower_bound":31.323507919641237,"upper_bound":51.1012697402957},"point_estimate":44.20989351491204,"standard_error":4.901572464219684},"Slope":{"confidence_interval":{"confidence_level":0.95,"lower_bound":532.5356899811284,"upper_bound":548.2008048652133},"point_estimate":540.2971127633122,"standard_error":4.012240854945134},"StdDev":{"confidence_interval":{"confidence_level":0.95,"lower_bound":35.77451184315582,"upper_bound":66.67508598908223},"point_estimate":50.14036058459961,"standard_error":8.418116673922134}}