{"Mean":{"confidence_interval":{"confidence_level":0.95,"lower_bound":3151884.828979956,"upper_bound":3481813.4012678172},"point_estimate":3297299.469689522,"standard_error":84933.92552276152},"Median":{"confidence_interval":{"confidence_level":0.95,"lower_bound":3033748.1576086953,"upper_bound":3120296.576923077},"point_estimate":3069259.851661779,"standard_error":19734.453665620535},"MedianAbsDev":{"confidence_interval":{"confidence_level":0.95,"lower_bound":116777.33242553804,"upper_bound":231562.4491417782},"point_estimate":164926.4660281624,"standard_error":29413.560878032604},"Slope":{"confidence_interval":{"confidence_level":0.95,"lower_bound":2990026.571922501,"upper_bound":3034119.637876426},"point_estimate":3011877.8219329095,"standard_error":11263.682380418159},"StdDev":{"confidence_interval":{"confidence_level":0.95,"lower_bound":356048.01591018774,"upper_bound":1258879.340372143},"point_estimate":851713.3017290506,"standard_error":234236.56670318276}}