{"Mean":{"confidence_interval":{"confidence_level":0.95,"lower_bound":167070.19331130007,"upper_bound":176387.64518309053},"point_estimate":171515.8756581361,"standard_error":2376.566312652181},"Median":{"confidence_interval":{"confidence_level":0.95,"lower_bound":162572.29004576657,"upper_bound":172702.81019736844},"point_estimate":167921.38519385026,"standard_error":2966.0449308765947},"MedianAbsDev":{"confidence_interval":{"confidence_level":0.95,"lower_bound":14200.144867897037,"upper_bound":22723.271951136736},"point_estimate":19351.36293817646,"standard_error":2186.94843703332},"Slope":{"confidence_interval":{"confidence_level":0.95,"lower_bound":157254.13959704293,"upper_bound":164768.06286614825},"point_estimate":160848.46737549873,"standard_error":1913.7867831516864},"StdDev":{"confidence_interval":{"confidence_level":0.95,"lower_bound":17679.482074099957,"upper_bound":29613.231451128413},"point_estimate":23865.013315057055,"standard_error":3051.4385087514156}}