{"Mean":{"confidence_interval":{"confidence_level":0.95,"lower_bound":128121.13470298171,"upper_bound":132390.78247382405},"point_estimate":130021.77075217076,"standard_error":1091.088387198555},"Median":{"confidence_interval":{"confidence_level":0.95,"lower_bound":126426.44893127706,"upper_bound":128669.93},"point_estimate":127112.07173295454,"standard_error":618.1694542319107},"MedianAbsDev":{"confidence_interval":{"confidence_level":0.95,"lower_bound":3452.368266677468,"upper_bound":6348.991554979971},"point_estimate":4433.295151293279,"standard_error":692.6960789993985},"Slope":{"confidence_interval":{"confidence_level":0.95,"lower_bound":127483.43141891778,"upper_bound":132509.56937995745},"point_estimate":129687.11650140387,"standard_error":1291.2752143932007},"StdDev":{"confidence_interval":{"confidence_level":0.95,"lower_bound":5709.126867361209,"upper_bound":16162.01588752721},"point_estimate":11023.716039825142,"standard_error":2843.4034122188714}}