{"Mean":{"confidence_interval":{"confidence_level":0.95,"lower_bound":106079.84861221771,"upper_bound":108461.59764894145},"point_estimate":107227.1475026668,"standard_error":609.3597111311866},"Median":{"confidence_interval":{"confidence_level":0.95,"lower_bound":104097.20595238096,"upper_bound":105900.58286796536},"point_estimate":104808.69970189701,"standard_error":504.2815454574454},"MedianAbsDev":{"confidence_interval":{"confidence_level":0.95,"lower_bound":2098.773796955158,"upper_bound":4505.225503192729},"point_estimate":3238.2199788324233,"standard_error":620.7494269597788},"Slope":{"confidence_interval":{"confidence_level":0.95,"lower_bound":104871.72198987516,"upper_bound":107330.16091963439},"point_estimate":105993.4371869366,"standard_error":627.9969212916075},"StdDev":{"confidence_interval":{"confidence_level":0.95,"lower_bound":4688.391724997376,"upper_bound":7411.663473165295},"point_estimate":6142.458852778352,"standard_error":696.7310532048006}}