{"Mean":{"confidence_interval":{"confidence_level":0.95,"lower_bound":-0.14714032442557418,"upper_bound":-0.07686909127353617},"point_estimate":-0.11333333832192716,"standard_error":0.017973522392681667},"Median":{"confidence_interval":{"confidence_level":0.95,"lower_bound":-0.1576812288613597,"upper_bound":-0.09418574245869227},"point_estimate":-0.11691691211152189,"standard_error":0.017293243509875232}}