{"Mean":{"confidence_interval":{"confidence_level":0.95,"lower_bound":60864.87092811879,"upper_bound":66032.60177129947},"point_estimate":63312.30331924994,"standard_error":1322.517261527994},"Median":{"confidence_interval":{"confidence_level":0.95,"lower_bound":58682.4,"upper_bound":65060.87076023391},"point_estimate":61138.91741629185,"standard_error":1790.9635703845213},"MedianAbsDev":{"confidence_interval":{"confidence_level":0.95,"lower_bound":7590.176427275826,"upper_bound":12315.345821856637},"point_estimate":9517.753789869754,"standard_error":1118.1969786296968},"Slope":{"confidence_interval":{"confidence_level":0.95,"lower_bound":56772.28005216366,"upper_bound":60917.16270904058},"point_estimate":58839.68326880449,"standard_error":1054.8733203374854},"StdDev":{"confidence_interval":{"confidence_level":0.95,"lower_bound":9320.121493027458,"upper_bound":17482.11321440761},"point_estimate":13320.747822001913,"standard_error":2141.322311094182}}