{"Mean":{"confidence_interval":{"confidence_level":0.95,"lower_bound":54709944.77170628,"upper_bound":65699290.3447112},"point_estimate":59206339.143108204,"standard_error":2942359.7230579467},"Median":{"confidence_interval":{"confidence_level":0.95,"lower_bound":54363609.032608695,"upper_bound":54895850.96724599},"point_estimate":54593155.92860301,"standard_error":147859.78652736865},"MedianAbsDev":{"confidence_interval":{"confidence_level":0.95,"lower_bound":1457941.2698605894,"upper_bound":2594369.945580043},"point_estimate":2125336.112306454,"standard_error":292799.16367380886},"Slope":{"confidence_interval":{"confidence_level":0.95,"lower_bound":54050932.16106522,"upper_bound":78930926.59552456},"point_estimate":63907797.603845134,"standard_error":6650496.988696469},"StdDev":{"confidence_interval":{"confidence_level":0.95,"lower_bound":3076059.0045614103,"upper_bound":45947917.8797351},"point_estimate":29402894.9343766,"standard_error":11630310.453833276}}