{"Mean":{"confidence_interval":{"confidence_level":0.95,"lower_bound":88719.87189332738,"upper_bound":153065.33142021162},"point_estimate":111886.30108605305,"standard_error":18959.650397765377},"Median":{"confidence_interval":{"confidence_level":0.95,"lower_bound":82898.23502487561,"upper_bound":91825.2987012987},"point_estimate":87062.96569683908,"standard_error":2252.5027795873543},"MedianAbsDev":{"confidence_interval":{"confidence_level":0.95,"lower_bound":15877.924419032635,"upper_bound":26664.68715198596},"point_estimate":20742.118166938966,"standard_error":2729.6041714915928},"Slope":{"confidence_interval":{"confidence_level":0.95,"lower_bound":74619.32797684365,"upper_bound":81156.63474761212},"point_estimate":77717.22043840204,"standard_error":1666.9684960200082},"StdDev":{"confidence_interval":{"confidence_level":0.95,"lower_bound":23825.33457138025,"upper_bound":324235.76177706633},"point_estimate":190471.52020840917,"standard_error":105608.75044032585}}