{"Mean":{"confidence_interval":{"confidence_level":0.95,"lower_bound":231803.98106068972,"upper_bound":237199.6436752517},"point_estimate":234462.5683188405,"standard_error":1376.8767237842771},"Median":{"confidence_interval":{"confidence_level":0.95,"lower_bound":228519.72222877358,"upper_bound":236857.22973856208},"point_estimate":232980.3885933806,"standard_error":2277.897761786426},"MedianAbsDev":{"confidence_interval":{"confidence_level":0.95,"lower_bound":11371.250610833624,"upper_bound":18011.820363490846},"point_estimate":14834.092699762792,"standard_error":1656.1256848230496},"Slope":{"confidence_interval":{"confidence_level":0.95,"lower_bound":231601.53719822285,"upper_bound":237699.82500696834},"point_estimate":234614.5599741392,"standard_error":1555.3894171294396},"StdDev":{"confidence_interval":{"confidence_level":0.95,"lower_bound":11998.730343088084,"upper_bound":15347.666676683597},"point_estimate":13773.374469436088,"standard_error":856.1063868968497}}