{"Mean":{"confidence_interval":{"confidence_level":0.95,"lower_bound":173023.9554798358,"upper_bound":177516.4010725566},"point_estimate":175173.5034218334,"standard_error":1142.0511909531706},"Median":{"confidence_interval":{"confidence_level":0.95,"lower_bound":169914.50533333333,"upper_bound":174870.19272727272},"point_estimate":172799.91623655913,"standard_error":1297.1693549229878},"MedianAbsDev":{"confidence_interval":{"confidence_level":0.95,"lower_bound":6475.93603321095,"upper_bound":11260.709377850117},"point_estimate":8767.027376399612,"standard_error":1224.9553363329942},"Slope":{"confidence_interval":{"confidence_level":0.95,"lower_bound":173238.6280880264,"upper_bound":177428.72218735298},"point_estimate":175248.94094044628,"standard_error":1071.663887495776},"StdDev":{"confidence_interval":{"confidence_level":0.95,"lower_bound":8619.042188613972,"upper_bound":14099.287087951467},"point_estimate":11450.398212807859,"standard_error":1408.282839732321}}