{"Mean":{"confidence_interval":{"confidence_level":0.95,"lower_bound":756029.6947403938,"upper_bound":809318.6532228071},"point_estimate":779215.8211733648,"standard_error":13790.575088356632},"Median":{"confidence_interval":{"confidence_level":0.95,"lower_bound":732803.4722222222,"upper_bound":755738.2161764706},"point_estimate":747520.6914893617,"standard_error":5757.54889623131},"MedianAbsDev":{"confidence_interval":{"confidence_level":0.95,"lower_bound":34363.292003929695,"upper_bound":63566.836322978714},"point_estimate":48698.7979171882,"standard_error":7030.0388192179435},"Slope":{"confidence_interval":{"confidence_level":0.95,"lower_bound":763006.9290990067,"upper_bound":793481.7383899048},"point_estimate":777782.1143224472,"standard_error":7795.847807722338},"StdDev":{"confidence_interval":{"confidence_level":0.95,"lower_bound":66276.79198280499,"upper_bound":210668.78823743967},"point_estimate":138198.73843065035,"standard_error":43634.846299971345}}