{"Mean":{"confidence_interval":{"confidence_level":0.95,"lower_bound":219559.43060118883,"upper_bound":222811.369757723},"point_estimate":221034.90992511142,"standard_error":833.4851724632824},"Median":{"confidence_interval":{"confidence_level":0.95,"lower_bound":218177.23636363636,"upper_bound":220115.84722222225},"point_estimate":219285.43214285714,"standard_error":490.64975880662735},"MedianAbsDev":{"confidence_interval":{"confidence_level":0.95,"lower_bound":3292.61788238941,"upper_bound":5504.208913115232},"point_estimate":4316.265606447884,"standard_error":529.662460892125},"Slope":{"confidence_interval":{"confidence_level":0.95,"lower_bound":219314.93893627872,"upper_bound":224724.10234437438},"point_estimate":221783.4771981676,"standard_error":1381.1223466139684},"StdDev":{"confidence_interval":{"confidence_level":0.95,"lower_bound":4801.756321196238,"upper_bound":12039.71046737883},"point_estimate":8449.734076181136,"standard_error":1923.918386323922}}