{"Mean":{"confidence_interval":{"confidence_level":0.95,"lower_bound":261052.23801109372,"upper_bound":266710.9806917134},"point_estimate":263668.85618169856,"standard_error":1447.9474374232868},"Median":{"confidence_interval":{"confidence_level":0.95,"lower_bound":257235.83406862745,"upper_bound":259966.4791666667},"point_estimate":258716.42045454547,"standard_error":688.9058730373181},"MedianAbsDev":{"confidence_interval":{"confidence_level":0.95,"lower_bound":3528.432591401899,"upper_bound":6927.816967840033},"point_estimate":5287.27702829118,"standard_error":869.8718830833908},"Slope":{"confidence_interval":{"confidence_level":0.95,"lower_bound":259175.63675683003,"upper_bound":264482.3195950583},"point_estimate":261501.11597458253,"standard_error":1368.9731779476201},"StdDev":{"confidence_interval":{"confidence_level":0.95,"lower_bound":8976.273368833425,"upper_bound":19241.848228597675},"point_estimate":14547.154467277389,"standard_error":2614.9375674112443}}