{"Mean":{"confidence_interval":{"confidence_level":0.95,"lower_bound":206873.2007021224,"upper_bound":213129.39996472388},"point_estimate":209866.16179070045,"standard_error":1593.3940433368991},"Median":{"confidence_interval":{"confidence_level":0.95,"lower_bound":205493.17302783375,"upper_bound":210404.375},"point_estimate":207649.35253267974,"standard_error":1139.20470613133},"MedianAbsDev":{"confidence_interval":{"confidence_level":0.95,"lower_bound":7045.712562057691,"upper_bound":12468.575479977815},"point_estimate":9953.858901497964,"standard_error":1373.4385849887176},"Slope":{"confidence_interval":{"confidence_level":0.95,"lower_bound":205235.5796903087,"upper_bound":211259.6423208611},"point_estimate":208030.83729791635,"standard_error":1535.7926093576766},"StdDev":{"confidence_interval":{"confidence_level":0.95,"lower_bound":11577.212579473042,"upper_bound":20133.28336241384},"point_estimate":16063.157365379417,"standard_error":2197.4150228957888}}