{"Mean":{"confidence_interval":{"confidence_level":0.95,"lower_bound":62784574.35225285,"upper_bound":63990252.77106988},"point_estimate":63282158.569986776,"standard_error":314255.45825818996},"Median":{"confidence_interval":{"confidence_level":0.95,"lower_bound":62380036.45454545,"upper_bound":63109707.5},"point_estimate":62728725.885994084,"standard_error":173718.79769302486},"MedianAbsDev":{"confidence_interval":{"confidence_level":0.95,"lower_bound":924860.1622851664,"upper_bound":1586685.8974311557},"point_estimate":1212839.066564231,"standard_error":173443.31498261308},"Slope":{"confidence_interval":{"confidence_level":0.95,"lower_bound":62293288.679945186,"upper_bound":62671986.04380109},"point_estimate":62471456.52665287,"standard_error":96687.50073754649},"StdDev":{"confidence_interval":{"confidence_level":0.95,"lower_bound":1311305.494165147,"upper_bound":5009474.091681237},"point_estimate":3154298.2457429366,"standard_error":1203461.1271805505}}