{"Mean":{"confidence_interval":{"confidence_level":0.95,"lower_bound":81910210.79251374,"upper_bound":83138302.24458648},"point_estimate":82436524.47367983,"standard_error":314536.85752343247},"Median":{"confidence_interval":{"confidence_level":0.95,"lower_bound":81930177.140625,"upper_bound":82659491.33333333},"point_estimate":82107378.56346154,"standard_error":218086.09357990435},"MedianAbsDev":{"confidence_interval":{"confidence_level":0.95,"lower_bound":1214844.7804869867,"upper_bound":1890769.4159540492},"point_estimate":1512109.112663787,"standard_error":173139.1186509167},"Slope":{"confidence_interval":{"confidence_level":0.95,"lower_bound":82115936.85483527,"upper_bound":82734178.46804915},"point_estimate":82422618.74640757,"standard_error":157444.93658333019},"StdDev":{"confidence_interval":{"confidence_level":0.95,"lower_bound":1444936.9790636126,"upper_bound":4919145.489688476},"point_estimate":3141041.6710054274,"standard_error":1073202.8012103501}}