{"Mean":{"confidence_interval":{"confidence_level":0.95,"lower_bound":65962662.27595614,"upper_bound":67375188.65215436},"point_estimate":66661554.09534359,"standard_error":359304.52186871367},"Median":{"confidence_interval":{"confidence_level":0.95,"lower_bound":65718089.125,"upper_bound":67284219.87374462},"point_estimate":66476462.92032787,"standard_error":397634.0037032263},"MedianAbsDev":{"confidence_interval":{"confidence_level":0.95,"lower_bound":2405777.0445687096,"upper_bound":4225990.897019532},"point_estimate":3256016.921419817,"standard_error":445712.84131629555},"Slope":{"confidence_interval":{"confidence_level":0.95,"lower_bound":67469251.45963024,"upper_bound":68637961.14307156},"point_estimate":68071408.73894784,"standard_error":298606.8811301827},"StdDev":{"confidence_interval":{"confidence_level":0.95,"lower_bound":2956223.858099987,"upper_bound":4258135.146142029},"point_estimate":3617342.5514414283,"standard_error":332814.9419525754}}