{"Mean":{"confidence_interval":{"confidence_level":0.95,"lower_bound":68072022.75062521,"upper_bound":69170038.9675143},"point_estimate":68543128.52072237,"standard_error":283146.8943318543},"Median":{"confidence_interval":{"confidence_level":0.95,"lower_bound":67980073.75,"upper_bound":68481757.35294117},"point_estimate":68229242.52746212,"standard_error":135827.42308693196},"MedianAbsDev":{"confidence_interval":{"confidence_level":0.95,"lower_bound":830011.9939106982,"upper_bound":1423781.5581477901},"point_estimate":1099614.419316049,"standard_error":150324.57732954863},"Slope":{"confidence_interval":{"confidence_level":0.95,"lower_bound":67943678.80474517,"upper_bound":68355867.74564417},"point_estimate":68146299.56478202,"standard_error":105163.84400991054},"StdDev":{"confidence_interval":{"confidence_level":0.95,"lower_bound":1364380.4101878516,"upper_bound":4392854.795560646},"point_estimate":2839315.6787263304,"standard_error":945994.9174944529}}