{"Mean":{"confidence_interval":{"confidence_level":0.95,"lower_bound":77965594.23830952,"upper_bound":79320692.03679751},"point_estimate":78518255.04609072,"standard_error":354800.9513153779},"Median":{"confidence_interval":{"confidence_level":0.95,"lower_bound":77897761.95652173,"upper_bound":78428265.36363636},"point_estimate":78111070.30303031,"standard_error":132139.54773577358},"MedianAbsDev":{"confidence_interval":{"confidence_level":0.95,"lower_bound":1036657.9574630475,"upper_bound":1719462.222430406},"point_estimate":1442296.7738213805,"standard_error":168229.18031551637},"Slope":{"confidence_interval":{"confidence_level":0.95,"lower_bound":77562990.02332956,"upper_bound":78245412.64101414},"point_estimate":77901458.4319669,"standard_error":173542.0050644859},"StdDev":{"confidence_interval":{"confidence_level":0.95,"lower_bound":1348605.5397488938,"upper_bound":5787725.765422012},"point_estimate":3588416.880150627,"standard_error":1456361.105700165}}