{"Mean":{"confidence_interval":{"confidence_level":0.95,"lower_bound":83984768.51770818,"upper_bound":87325235.32129543},"point_estimate":85442091.5169485,"standard_error":855730.7796725556},"Median":{"confidence_interval":{"confidence_level":0.95,"lower_bound":83443986.74836601,"upper_bound":84089831.42857143},"point_estimate":83749888.30555555,"standard_error":158667.8040602639},"MedianAbsDev":{"confidence_interval":{"confidence_level":0.95,"lower_bound":1148887.2525000647,"upper_bound":2138939.918583654},"point_estimate":1653137.5885615917,"standard_error":249696.45141480074},"Slope":{"confidence_interval":{"confidence_level":0.95,"lower_bound":83924037.46077564,"upper_bound":86382020.3287941},"point_estimate":84945633.60263927,"standard_error":635001.1710324108},"StdDev":{"confidence_interval":{"confidence_level":0.95,"lower_bound":1835757.2316338283,"upper_bound":12650587.417809198},"point_estimate":8550581.433613488,"standard_error":2526200.970947202}}