{"Mean":{"confidence_interval":{"confidence_level":0.95,"lower_bound":606525.0496382788,"upper_bound":640068.5351099866},"point_estimate":622218.5621016115,"standard_error":8583.177533387161},"Median":{"confidence_interval":{"confidence_level":0.95,"lower_bound":592065.6086956521,"upper_bound":608947.6283783783},"point_estimate":599530.2005849485,"standard_error":4347.191782409869},"MedianAbsDev":{"confidence_interval":{"confidence_level":0.95,"lower_bound":26948.405191307433,"upper_bound":57418.9435563141},"point_estimate":36097.20610356509,"standard_error":8037.3840600183075},"Slope":{"confidence_interval":{"confidence_level":0.95,"lower_bound":584171.6493997277,"upper_bound":602643.7620302881},"point_estimate":593764.2159420719,"standard_error":4696.093288602808},"StdDev":{"confidence_interval":{"confidence_level":0.95,"lower_bound":55621.030998549824,"upper_bound":111970.32645980903},"point_estimate":86091.597311036,"standard_error":14384.315730493148}}