{"Mean":{"confidence_interval":{"confidence_level":0.95,"lower_bound":5456899.464633779,"upper_bound":5754689.035849981},"point_estimate":5601265.824662579,"standard_error":76103.29774397466},"Median":{"confidence_interval":{"confidence_level":0.95,"lower_bound":5261286.876404494,"upper_bound":5573049.85106383},"point_estimate":5403511.121704587,"standard_error":75810.10359877649},"MedianAbsDev":{"confidence_interval":{"confidence_level":0.95,"lower_bound":447593.12974270777,"upper_bound":762455.9378974511},"point_estimate":614468.7210662197,"standard_error":81930.33007938539},"Slope":{"confidence_interval":{"confidence_level":0.95,"lower_bound":5097885.353406344,"upper_bound":5299658.930087423},"point_estimate":5194137.0585902175,"standard_error":51701.56519241439},"StdDev":{"confidence_interval":{"confidence_level":0.95,"lower_bound":603204.3216751133,"upper_bound":916384.7864411938},"point_estimate":767760.0593873947,"standard_error":80230.21403710695}}