{"Mean":{"confidence_interval":{"confidence_level":0.95,"lower_bound":2911028.829803071,"upper_bound":3171554.9562671315},"point_estimate":3029242.8799001463,"standard_error":67037.93439323189},"Median":{"confidence_interval":{"confidence_level":0.95,"lower_bound":2799929.4375,"upper_bound":2936422.3606557376},"point_estimate":2855833.8049261086,"standard_error":34118.39701743332},"MedianAbsDev":{"confidence_interval":{"confidence_level":0.95,"lower_bound":199854.3742923207,"upper_bound":345378.8713066611},"point_estimate":279686.1934884234,"standard_error":37503.488010499044},"Slope":{"confidence_interval":{"confidence_level":0.95,"lower_bound":2725435.688078592,"upper_bound":2829647.9531349144},"point_estimate":2773114.347929659,"standard_error":26612.80907383022},"StdDev":{"confidence_interval":{"confidence_level":0.95,"lower_bound":359274.4114067387,"upper_bound":953520.6837083299},"point_estimate":673697.7391108245,"standard_error":155040.50911747615}}