{"Mean":{"confidence_interval":{"confidence_level":0.95,"lower_bound":54968431.498352855,"upper_bound":56782962.437974446},"point_estimate":55774822.28676361,"standard_error":465284.37752613256},"Median":{"confidence_interval":{"confidence_level":0.95,"lower_bound":54642180.26536797,"upper_bound":55283130.625},"point_estimate":54925055.90985577,"standard_error":164363.67669103784},"MedianAbsDev":{"confidence_interval":{"confidence_level":0.95,"lower_bound":1283511.990112802,"upper_bound":2743517.7556511727},"point_estimate":1937484.9505996453,"standard_error":389042.05647265987},"Slope":{"confidence_interval":{"confidence_level":0.95,"lower_bound":53857813.105728574,"upper_bound":54541180.56831618},"point_estimate":54192011.19636471,"standard_error":174187.15234123447},"StdDev":{"confidence_interval":{"confidence_level":0.95,"lower_bound":2256436.970944053,"upper_bound":6943663.782773585},"point_estimate":4683138.539787997,"standard_error":1266418.3183104268}}