{"Mean":{"confidence_interval":{"confidence_level":0.95,"lower_bound":5434331.515123713,"upper_bound":5733580.653359888},"point_estimate":5579585.060740334,"standard_error":76134.93210352326},"Median":{"confidence_interval":{"confidence_level":0.95,"lower_bound":5197286.148148148,"upper_bound":5597910.636363637},"point_estimate":5394797.799145299,"standard_error":90583.08207909315},"MedianAbsDev":{"confidence_interval":{"confidence_level":0.95,"lower_bound":504367.5874635425,"upper_bound":827280.2129759202},"point_estimate":663002.9969954917,"standard_error":79563.27049879904},"Slope":{"confidence_interval":{"confidence_level":0.95,"lower_bound":5059878.765397124,"upper_bound":5254401.115378833},"point_estimate":5151618.825526821,"standard_error":49631.0261790326},"StdDev":{"confidence_interval":{"confidence_level":0.95,"lower_bound":611531.724915587,"upper_bound":909119.6331113781},"point_estimate":766543.0617885332,"standard_error":76480.15971262763}}