{"Mean":{"confidence_interval":{"confidence_level":0.95,"lower_bound":5483310.115743886,"upper_bound":5757709.175965491},"point_estimate":5616483.5266309045,"standard_error":70133.14819912573},"Median":{"confidence_interval":{"confidence_level":0.95,"lower_bound":5277537.474576271,"upper_bound":5699113.84875},"point_estimate":5449079.845454546,"standard_error":108697.24633242669},"MedianAbsDev":{"confidence_interval":{"confidence_level":0.95,"lower_bound":504644.7617398689,"upper_bound":850251.5366174636},"point_estimate":645854.2884699057,"standard_error":95889.2487194004},"Slope":{"confidence_interval":{"confidence_level":0.95,"lower_bound":5126217.209927283,"upper_bound":5393927.331232537},"point_estimate":5251914.876970593,"standard_error":68341.36621864184},"StdDev":{"confidence_interval":{"confidence_level":0.95,"lower_bound":588119.5918110795,"upper_bound":809007.7309374023},"point_estimate":704769.729858349,"standard_error":56643.98822541181}}