{"Mean":{"confidence_interval":{"confidence_level":0.95,"lower_bound":50132227.23122586,"upper_bound":50888624.84379751},"point_estimate":50478067.4414573,"standard_error":193359.8290276975},"Median":{"confidence_interval":{"confidence_level":0.95,"lower_bound":49902853.97262648,"upper_bound":50414990.453431375},"point_estimate":50110433.872727275,"standard_error":146900.0347151774},"MedianAbsDev":{"confidence_interval":{"confidence_level":0.95,"lower_bound":750990.3953102756,"upper_bound":1232878.0324773462},"point_estimate":1049913.6872303034,"standard_error":122714.39617635074},"Slope":{"confidence_interval":{"confidence_level":0.95,"lower_bound":50233453.136720344,"upper_bound":50990222.2140691},"point_estimate":50582331.06917689,"standard_error":192529.0031396472},"StdDev":{"confidence_interval":{"confidence_level":0.95,"lower_bound":1094103.8111389119,"upper_bound":2649757.442212339},"point_estimate":1949992.615937705,"standard_error":395274.81041029294}}