{"Mean":{"confidence_interval":{"confidence_level":0.95,"lower_bound":57212080.643336706,"upper_bound":57805533.32796969},"point_estimate":57496950.15372924,"standard_error":151066.73778687062},"Median":{"confidence_interval":{"confidence_level":0.95,"lower_bound":57017587.36363637,"upper_bound":57657487.884615384},"point_estimate":57223687.02606061,"standard_error":153668.47072732242},"MedianAbsDev":{"confidence_interval":{"confidence_level":0.95,"lower_bound":848654.0060533811,"upper_bound":1554821.1675779487},"point_estimate":1266628.4081411385,"standard_error":188694.5726732442},"Slope":{"confidence_interval":{"confidence_level":0.95,"lower_bound":57144672.12404672,"upper_bound":57701540.76572622},"point_estimate":57412854.74662627,"standard_error":142421.88476654972},"StdDev":{"confidence_interval":{"confidence_level":0.95,"lower_bound":1063676.3240438397,"upper_bound":1961975.9884777693},"point_estimate":1513877.611870343,"standard_error":234825.7552691919}}