{"Mean":{"confidence_interval":{"confidence_level":0.95,"lower_bound":3012970.5008318736,"upper_bound":3301832.917002917},"point_estimate":3139757.5549602695,"standard_error":74203.18529901053},"Median":{"confidence_interval":{"confidence_level":0.95,"lower_bound":2942314.9206349207,"upper_bound":3035570.002543605},"point_estimate":2977232.0660173157,"standard_error":23529.655206465843},"MedianAbsDev":{"confidence_interval":{"confidence_level":0.95,"lower_bound":161300.10950690336,"upper_bound":285171.69956689735},"point_estimate":220220.68113702288,"standard_error":32193.050587311387},"Slope":{"confidence_interval":{"confidence_level":0.95,"lower_bound":2872449.8349545705,"upper_bound":2959434.2033109185},"point_estimate":2914140.163992907,"standard_error":22137.865985560235},"StdDev":{"confidence_interval":{"confidence_level":0.95,"lower_bound":312591.4159993131,"upper_bound":1099223.866115691},"point_estimate":745668.6202254185,"standard_error":202311.7795430681}}