{"Mean":{"confidence_interval":{"confidence_level":0.95,"lower_bound":117641.37947341413,"upper_bound":215951.1128338236},"point_estimate":153090.3845272803,"standard_error":28546.378940146},"Median":{"confidence_interval":{"confidence_level":0.95,"lower_bound":105018.99342105263,"upper_bound":117650.692184265},"point_estimate":109676.2926073926,"standard_error":2777.4069604726974},"MedianAbsDev":{"confidence_interval":{"confidence_level":0.95,"lower_bound":16064.04003908786,"upper_bound":29280.557238532987},"point_estimate":21565.712022219483,"standard_error":3535.5710598745422},"Slope":{"confidence_interval":{"confidence_level":0.95,"lower_bound":98686.98213840878,"upper_bound":105757.85347335106},"point_estimate":102166.72719668981,"standard_error":1806.7870138177282},"StdDev":{"confidence_interval":{"confidence_level":0.95,"lower_bound":36008.73525896226,"upper_bound":487025.18496664404},"point_estimate":286671.7773140315,"standard_error":156433.03732118162}}