{"Mean":{"confidence_interval":{"confidence_level":0.95,"lower_bound":2744939.435059149,"upper_bound":3030942.3628994473},"point_estimate":2872525.6347639887,"standard_error":73576.45233727153},"Median":{"confidence_interval":{"confidence_level":0.95,"lower_bound":2634134.870967742,"upper_bound":2718443.57183908},"point_estimate":2679107.8572198274,"standard_error":23396.42114198572},"MedianAbsDev":{"confidence_interval":{"confidence_level":0.95,"lower_bound":121856.37682598043,"upper_bound":247761.79066018044},"point_estimate":171431.12057066234,"standard_error":34096.64632664334},"Slope":{"confidence_interval":{"confidence_level":0.95,"lower_bound":2585901.266893666,"upper_bound":2664598.667970555},"point_estimate":2623677.0025535687,"standard_error":20075.88245808291},"StdDev":{"confidence_interval":{"confidence_level":0.95,"lower_bound":345524.1149102865,"upper_bound":1055816.3940361193},"point_estimate":738994.6355729023,"standard_error":181152.2651627701}}