{"Mean":{"confidence_interval":{"confidence_level":0.95,"lower_bound":72449.93242003149,"upper_bound":86006.83885366312},"point_estimate":78828.46053280256,"standard_error":3462.726046816795},"Median":{"confidence_interval":{"confidence_level":0.95,"lower_bound":63923.647763835266,"upper_bound":73363.14518025078},"point_estimate":67411.85167310167,"standard_error":2312.0064463732683},"MedianAbsDev":{"confidence_interval":{"confidence_level":0.95,"lower_bound":12916.560146048067,"upper_bound":21779.888233954454},"point_estimate":17450.668228350383,"standard_error":2218.6777786327507},"Slope":{"confidence_interval":{"confidence_level":0.95,"lower_bound":59639.13763799908,"upper_bound":64275.76837260699},"point_estimate":61770.0039470962,"standard_error":1181.6389310600923},"StdDev":{"confidence_interval":{"confidence_level":0.95,"lower_bound":24202.325351099065,"upper_bound":43925.44631798874},"point_estimate":34703.43882632152,"standard_error":5039.465292806531}}