{"Mean":{"confidence_interval":{"confidence_level":0.95,"lower_bound":101036.76242502438,"upper_bound":120990.84993984316},"point_estimate":110135.10385984309,"standard_error":5082.902645753672},"Median":{"confidence_interval":{"confidence_level":0.95,"lower_bound":89424.30666666667,"upper_bound":103366.23333333334},"point_estimate":96039.29166666666,"standard_error":3141.9057909903745},"MedianAbsDev":{"confidence_interval":{"confidence_level":0.95,"lower_bound":16596.733214250602,"upper_bound":30641.50610135454},"point_estimate":22309.138614923948,"standard_error":3443.712174585923},"Slope":{"confidence_interval":{"confidence_level":0.95,"lower_bound":84391.31897496466,"upper_bound":91283.69352216677},"point_estimate":87694.79518151816,"standard_error":1758.35240780186},"StdDev":{"confidence_interval":{"confidence_level":0.95,"lower_bound":30331.716597411876,"upper_bound":71923.34290548498},"point_estimate":51214.09629901113,"standard_error":11095.701585412042}}