{"Mean":{"confidence_interval":{"confidence_level":0.95,"lower_bound":127083.44026787074,"upper_bound":132703.0203732247},"point_estimate":129327.03091958523,"standard_error":1481.876215181688},"Median":{"confidence_interval":{"confidence_level":0.95,"lower_bound":125309.65307835821,"upper_bound":127013.86180971746},"point_estimate":126024.39175556586,"standard_error":425.8803274429366},"MedianAbsDev":{"confidence_interval":{"confidence_level":0.95,"lower_bound":2405.960293159419,"upper_bound":4264.151691436594},"point_estimate":3108.537371424277,"standard_error":475.5777652015885},"Slope":{"confidence_interval":{"confidence_level":0.95,"lower_bound":126784.44290362771,"upper_bound":129761.7440556958},"point_estimate":128190.69324959362,"standard_error":757.98124358916},"StdDev":{"confidence_interval":{"confidence_level":0.95,"lower_bound":4896.261463842751,"upper_bound":24112.103712365122},"point_estimate":14850.133727055501,"standard_error":6252.399994885876}}