{"Mean":{"confidence_interval":{"confidence_level":0.95,"lower_bound":108076.84024484828,"upper_bound":127583.04381766378},"point_estimate":117221.0308681734,"standard_error":4964.384621622833},"Median":{"confidence_interval":{"confidence_level":0.95,"lower_bound":92583.08148148148,"upper_bound":108149.60449344548},"point_estimate":98638.05789473685,"standard_error":3783.986693499735},"MedianAbsDev":{"confidence_interval":{"confidence_level":0.95,"lower_bound":17465.81863650756,"upper_bound":37220.22349233016},"point_estimate":25549.276257041256,"standard_error":4968.01369158771},"Slope":{"confidence_interval":{"confidence_level":0.95,"lower_bound":89069.26729449887,"upper_bound":96391.81504071236},"point_estimate":92525.2753706714,"standard_error":1871.9325365987622},"StdDev":{"confidence_interval":{"confidence_level":0.95,"lower_bound":35325.25227705882,"upper_bound":62818.78989912495},"point_estimate":49778.25758215538,"standard_error":7044.0882111497285}}