{"Mean":{"confidence_interval":{"confidence_level":0.95,"lower_bound":103836.33077721715,"upper_bound":106661.85192486814},"point_estimate":105087.90642443314,"standard_error":724.2138694358259},"Median":{"confidence_interval":{"confidence_level":0.95,"lower_bound":102471.08190682557,"upper_bound":103916.23625},"point_estimate":103375.59467649469,"standard_error":416.15947895947187},"MedianAbsDev":{"confidence_interval":{"confidence_level":0.95,"lower_bound":1941.0169746940435,"upper_bound":3451.0969551307808},"point_estimate":2630.718266954074,"standard_error":397.65587160567935},"Slope":{"confidence_interval":{"confidence_level":0.95,"lower_bound":103251.76092975604,"upper_bound":105828.45142701644},"point_estimate":104446.55648204521,"standard_error":659.9220608182658},"StdDev":{"confidence_interval":{"confidence_level":0.95,"lower_bound":3589.6337151920743,"upper_bound":10623.52866038616},"point_estimate":7234.135771614173,"standard_error":1866.232481057233}}