{"Mean":{"confidence_interval":{"confidence_level":0.95,"lower_bound":59138.5736012531,"upper_bound":129590.80871435125},"point_estimate":89354.86741377671,"standard_error":18446.01331184956},"Median":{"confidence_interval":{"confidence_level":0.95,"lower_bound":45997.78736842105,"upper_bound":49290.49166666667},"point_estimate":47325.11352636128,"standard_error":853.1891928163745},"MedianAbsDev":{"confidence_interval":{"confidence_level":0.95,"lower_bound":3047.5135329118984,"upper_bound":7443.51486310543},"point_estimate":4974.351067354278,"standard_error":1129.283021447759},"Slope":{"confidence_interval":{"confidence_level":0.95,"lower_bound":47860.56152715831,"upper_bound":52947.96901607374},"point_estimate":50198.957143194915,"standard_error":1302.750432551583},"StdDev":{"confidence_interval":{"confidence_level":0.95,"lower_bound":73436.14235346924,"upper_bound":268338.6880896531},"point_estimate":185964.373706005,"standard_error":51191.07362472979}}