{"Mean":{"confidence_interval":{"confidence_level":0.95,"lower_bound":181569.20653372022,"upper_bound":186793.4793403908},"point_estimate":184127.73096718735,"standard_error":1331.7388655266116},"Median":{"confidence_interval":{"confidence_level":0.95,"lower_bound":177922.17418604653,"upper_bound":184893.09914004913},"point_estimate":180835.84357142856,"standard_error":1793.9940199112602},"MedianAbsDev":{"confidence_interval":{"confidence_level":0.95,"lower_bound":8544.218907437717,"upper_bound":14940.395845320982},"point_estimate":11700.303763660426,"standard_error":1703.0426543564977},"Slope":{"confidence_interval":{"confidence_level":0.95,"lower_bound":183915.59365394205,"upper_bound":193050.5627764478},"point_estimate":188464.1990276341,"standard_error":2331.489357364022},"StdDev":{"confidence_interval":{"confidence_level":0.95,"lower_bound":11042.230061836031,"upper_bound":15639.59329354113},"point_estimate":13422.103857324797,"standard_error":1180.4532770815833}}