{"Mean":{"confidence_interval":{"confidence_level":0.95,"lower_bound":247170.2627397379,"upper_bound":254011.635597523},"point_estimate":250435.25272575335,"standard_error":1741.8058715876757},"Median":{"confidence_interval":{"confidence_level":0.95,"lower_bound":242796.9095744681,"upper_bound":249839.20625},"point_estimate":246531.76517273576,"standard_error":1379.5160782092833},"MedianAbsDev":{"confidence_interval":{"confidence_level":0.95,"lower_bound":10648.112198943902,"upper_bound":17012.723761958347},"point_estimate":14988.108434088332,"standard_error":1654.072451575969},"Slope":{"confidence_interval":{"confidence_level":0.95,"lower_bound":246495.49104391006,"upper_bound":253645.64027785652},"point_estimate":249893.86115708586,"standard_error":1830.2757129535541},"StdDev":{"confidence_interval":{"confidence_level":0.95,"lower_bound":13392.72372912184,"upper_bound":21643.841701266585},"point_estimate":17512.573684077703,"standard_error":2123.827897296471}}