{"Mean":{"confidence_interval":{"confidence_level":0.95,"lower_bound":229544.15754940518,"upper_bound":232357.3047050053},"point_estimate":230883.67424153688,"standard_error":718.717031081253},"Median":{"confidence_interval":{"confidence_level":0.95,"lower_bound":227305.42307692306,"upper_bound":229548.82142857142},"point_estimate":228559.30492424243,"standard_error":520.2696903300792},"MedianAbsDev":{"confidence_interval":{"confidence_level":0.95,"lower_bound":2189.8456307661645,"upper_bound":4430.6211746958315},"point_estimate":3646.99940799203,"standard_error":617.2401684472799},"Slope":{"confidence_interval":{"confidence_level":0.95,"lower_bound":229697.8928159941,"upper_bound":233140.6360341734},"point_estimate":231314.9044569233,"standard_error":880.4713853995473},"StdDev":{"confidence_interval":{"confidence_level":0.95,"lower_bound":5129.218113269715,"upper_bound":8931.732200366409},"point_estimate":7210.4834945459725,"standard_error":968.7540764564637}}