{"Mean":{"confidence_interval":{"confidence_level":0.95,"lower_bound":238273.19620495787,"upper_bound":242303.0328768652},"point_estimate":240134.82646095433,"standard_error":1028.8141279809697},"Median":{"confidence_interval":{"confidence_level":0.95,"lower_bound":235365.65401785716,"upper_bound":237754.1875},"point_estimate":236103.3081395349,"standard_error":659.3274444604883},"MedianAbsDev":{"confidence_interval":{"confidence_level":0.95,"lower_bound":2788.695106884451,"upper_bound":5760.069146967788},"point_estimate":3808.9346066549333,"standard_error":807.1617727693686},"Slope":{"confidence_interval":{"confidence_level":0.95,"lower_bound":236625.6434824416,"upper_bound":240004.26233488863},"point_estimate":238144.54206221367,"standard_error":860.3927463424345},"StdDev":{"confidence_interval":{"confidence_level":0.95,"lower_bound":6594.593416251039,"upper_bound":13551.48901603584},"point_estimate":10321.028349129667,"standard_error":1780.8737152433237}}