{"Mean":{"confidence_interval":{"confidence_level":0.95,"lower_bound":235542.6205095177,"upper_bound":238129.39536588723},"point_estimate":236686.4362719345,"standard_error":665.9669749018385},"Median":{"confidence_interval":{"confidence_level":0.95,"lower_bound":234498.90053050398,"upper_bound":235184.92857142858},"point_estimate":234826.6041666667,"standard_error":170.32193372509698},"MedianAbsDev":{"confidence_interval":{"confidence_level":0.95,"lower_bound":1008.7780257525794,"upper_bound":1917.9469185514047},"point_estimate":1376.648128684646,"standard_error":227.98644177610112},"Slope":{"confidence_interval":{"confidence_level":0.95,"lower_bound":234782.72345776143,"upper_bound":239285.33222655987},"point_estimate":236582.90794369736,"standard_error":1192.2287271498387},"StdDev":{"confidence_interval":{"confidence_level":0.95,"lower_bound":2549.5214364632334,"upper_bound":9753.41301045237},"point_estimate":6686.578780143014,"standard_error":1821.7266313139949}}