{"Mean":{"confidence_interval":{"confidence_level":0.95,"lower_bound":212604.76535115973,"upper_bound":214525.0904213266},"point_estimate":213553.45892266478,"standard_error":487.7952939880582},"Median":{"confidence_interval":{"confidence_level":0.95,"lower_bound":212098.0625,"upper_bound":213542.83333333334},"point_estimate":212679.54379084968,"standard_error":352.5314382757808},"MedianAbsDev":{"confidence_interval":{"confidence_level":0.95,"lower_bound":2158.772664176073,"upper_bound":3806.885764371822},"point_estimate":3023.5850624659283,"standard_error":423.2120491291556},"Slope":{"confidence_interval":{"confidence_level":0.95,"lower_bound":212970.93218295855,"upper_bound":215116.9672173387},"point_estimate":214029.69900103443,"standard_error":546.9687810729484},"StdDev":{"confidence_interval":{"confidence_level":0.95,"lower_bound":3878.4574748214504,"upper_bound":5831.33997142809},"point_estimate":4893.284025130057,"standard_error":498.1986893079289}}