{"Mean":{"confidence_interval":{"confidence_level":0.95,"lower_bound":220933.8506917542,"upper_bound":224316.32714437207},"point_estimate":222571.79459031663,"standard_error":864.5848583440642},"Median":{"confidence_interval":{"confidence_level":0.95,"lower_bound":219351.57692307694,"upper_bound":223165.89285714287},"point_estimate":221403.46337040619,"standard_error":1028.8523092249104},"MedianAbsDev":{"confidence_interval":{"confidence_level":0.95,"lower_bound":5495.325275932445,"upper_bound":8941.763602944358},"point_estimate":7051.96386308839,"standard_error":876.8395995319105},"Slope":{"confidence_interval":{"confidence_level":0.95,"lower_bound":221819.10404039413,"upper_bound":226762.61210767963},"point_estimate":224215.7745189892,"standard_error":1252.8824605139862},"StdDev":{"confidence_interval":{"confidence_level":0.95,"lower_bound":6765.699398876707,"upper_bound":10431.153152150471},"point_estimate":8671.113071104674,"standard_error":939.4166783779549}}