{"Mean":{"confidence_interval":{"confidence_level":0.95,"lower_bound":164060.57647578526,"upper_bound":172676.34045463722},"point_estimate":168214.88722443487,"standard_error":2196.566617329958},"Median":{"confidence_interval":{"confidence_level":0.95,"lower_bound":161974.04496606335,"upper_bound":167980.31456380678},"point_estimate":166071.5046875,"standard_error":1700.6759467837126},"MedianAbsDev":{"confidence_interval":{"confidence_level":0.95,"lower_bound":10197.937230152818,"upper_bound":18438.283190506216},"point_estimate":14357.60721961169,"standard_error":2149.6811435078607},"Slope":{"confidence_interval":{"confidence_level":0.95,"lower_bound":156600.51179461466,"upper_bound":166878.1704018748},"point_estimate":161142.97824996305,"standard_error":2631.765463877141},"StdDev":{"confidence_interval":{"confidence_level":0.95,"lower_bound":16550.60912449757,"upper_bound":27311.280029130132},"point_estimate":22097.654799880132,"standard_error":2772.4817393955686}}