{"Mean":{"confidence_interval":{"confidence_level":0.95,"lower_bound":588.3184729918504,"upper_bound":611.6555976753689},"point_estimate":599.9120038230357,"standard_error":5.93407155851543},"Median":{"confidence_interval":{"confidence_level":0.95,"lower_bound":582.347615661175,"upper_bound":618.9234526023746},"point_estimate":601.268912047427,"standard_error":11.194378552194355},"MedianAbsDev":{"confidence_interval":{"confidence_level":0.95,"lower_bound":50.426922574380875,"upper_bound":79.48202109054166},"point_estimate":63.73655841969689,"standard_error":7.1560459202462505},"Slope":{"confidence_interval":{"confidence_level":0.95,"lower_bound":550.8218767245892,"upper_bound":576.0704794532934},"point_estimate":562.5334283177681,"standard_error":6.43450725461916},"StdDev":{"confidence_interval":{"confidence_level":0.95,"lower_bound":51.82792304548412,"upper_bound":66.78182911224098},"point_estimate":59.54570814824793,"standard_error":3.8529101397075873}}