{"Mean":{"confidence_interval":{"confidence_level":0.95,"lower_bound":660.0496208543101,"upper_bound":679.2311750352668},"point_estimate":668.6658614703442,"standard_error":4.910392173722336},"Median":{"confidence_interval":{"confidence_level":0.95,"lower_bound":650.0383606816235,"upper_bound":656.0909424336895},"point_estimate":654.1482533593603,"standard_error":1.6901863911236212},"MedianAbsDev":{"confidence_interval":{"confidence_level":0.95,"lower_bound":8.13923118471466,"upper_bound":16.12937538341289},"point_estimate":12.408694814257736,"standard_error":2.156482216862689},"Slope":{"confidence_interval":{"confidence_level":0.95,"lower_bound":651.7592423958764,"upper_bound":659.6437903871274},"point_estimate":655.330954294397,"standard_error":2.0173294520996676},"StdDev":{"confidence_interval":{"confidence_level":0.95,"lower_bound":23.34315866111974,"upper_bound":69.06114200710083},"point_estimate":49.497267467296965,"standard_error":11.308487890926306}}