{"Mean":{"confidence_interval":{"confidence_level":0.95,"lower_bound":675.1967734024415,"upper_bound":681.822689106614},"point_estimate":678.1942064438045,"standard_error":1.6949533628517726},"Median":{"confidence_interval":{"confidence_level":0.95,"lower_bound":671.3553326810176,"upper_bound":675.6719271908426},"point_estimate":672.5871904636459,"standard_error":1.0757212782435894},"MedianAbsDev":{"confidence_interval":{"confidence_level":0.95,"lower_bound":5.731174732814024,"upper_bound":10.61497347110377},"point_estimate":7.336381001560737,"standard_error":1.1915274837661498},"Slope":{"confidence_interval":{"confidence_level":0.95,"lower_bound":672.2561982134903,"upper_bound":677.1264308667578},"point_estimate":674.5564991892564,"standard_error":1.2464223966217844},"StdDev":{"confidence_interval":{"confidence_level":0.95,"lower_bound":9.390716582126196,"upper_bound":23.88379862584599},"point_estimate":17.014305100198193,"standard_error":3.7610536478397285}}