{"Mean":{"confidence_interval":{"confidence_level":0.95,"lower_bound":558.6882256672129,"upper_bound":571.8267076755675},"point_estimate":565.2255877717205,"standard_error":3.3503861432192994},"Median":{"confidence_interval":{"confidence_level":0.95,"lower_bound":555.405987065564,"upper_bound":572.384036006246},"point_estimate":563.9469782558128,"standard_error":4.205336569768578},"MedianAbsDev":{"confidence_interval":{"confidence_level":0.95,"lower_bound":29.614128134841938,"upper_bound":48.302844622845825},"point_estimate":37.461583631876714,"standard_error":4.7915523041000885},"Slope":{"confidence_interval":{"confidence_level":0.95,"lower_bound":556.3988280373992,"upper_bound":573.1933845740281},"point_estimate":564.803136732834,"standard_error":4.303278162450165},"StdDev":{"confidence_interval":{"confidence_level":0.95,"lower_bound":29.719402885068977,"upper_bound":37.07711521341072},"point_estimate":33.63763806328968,"standard_error":1.8719466372420652}}