{"Mean":{"confidence_interval":{"confidence_level":0.95,"lower_bound":678.5871350604376,"upper_bound":687.08909872479},"point_estimate":682.4933037822484,"standard_error":2.17815216352995},"Median":{"confidence_interval":{"confidence_level":0.95,"lower_bound":674.1987860703141,"upper_bound":676.5524157496561},"point_estimate":675.3649587345254,"standard_error":0.6290784250562202},"MedianAbsDev":{"confidence_interval":{"confidence_level":0.95,"lower_bound":3.8098699051236897,"upper_bound":7.002703487078957},"point_estimate":5.495719354899797,"standard_error":0.7838648945002085},"Slope":{"confidence_interval":{"confidence_level":0.95,"lower_bound":674.3066977394094,"upper_bound":679.3493834684854},"point_estimate":676.4648540036413,"standard_error":1.3062034190262295},"StdDev":{"confidence_interval":{"confidence_level":0.95,"lower_bound":12.936941225331086,"upper_bound":29.322819707097054},"point_estimate":21.88776752359339,"standard_error":4.191137544154668}}