{"Mean":{"confidence_interval":{"confidence_level":0.95,"lower_bound":608.0890004260904,"upper_bound":613.5040335153271},"point_estimate":610.7615699390059,"standard_error":1.3818154630025283},"Median":{"confidence_interval":{"confidence_level":0.95,"lower_bound":604.9464186103726,"upper_bound":611.9842008335756},"point_estimate":608.3162253483345,"standard_error":1.6579334639373755},"MedianAbsDev":{"confidence_interval":{"confidence_level":0.95,"lower_bound":7.83485577876539,"upper_bound":14.022146893802985},"point_estimate":10.728351200165509,"standard_error":1.6117082846454878},"Slope":{"confidence_interval":{"confidence_level":0.95,"lower_bound":604.4089925150637,"upper_bound":609.4456554504093},"point_estimate":606.8741354983193,"standard_error":1.282106084470053},"StdDev":{"confidence_interval":{"confidence_level":0.95,"lower_bound":11.304640523703144,"upper_bound":16.20802046925744},"point_estimate":13.897562259221045,"standard_error":1.2528088052178334}}