{"Mean":{"confidence_interval":{"confidence_level":0.95,"lower_bound":72454516.41738677,"upper_bound":74403955.55813429},"point_estimate":73381033.83349279,"standard_error":497262.7452957777},"Median":{"confidence_interval":{"confidence_level":0.95,"lower_bound":71399209.9642857,"upper_bound":72236646.3633157},"point_estimate":71867116.09490275,"standard_error":223582.9746590984},"MedianAbsDev":{"confidence_interval":{"confidence_level":0.95,"lower_bound":1385565.4358303077,"upper_bound":2620132.390576544},"point_estimate":1932783.0366362466,"standard_error":306958.27028982993},"Slope":{"confidence_interval":{"confidence_level":0.95,"lower_bound":72001219.41821244,"upper_bound":73628246.14087765},"point_estimate":72735510.28785872,"standard_error":416736.2534915385},"StdDev":{"confidence_interval":{"confidence_level":0.95,"lower_bound":3576610.6663426943,"upper_bound":6256062.425648543},"point_estimate":4999694.778051216,"standard_error":685737.0386858797}}