{"Mean":{"confidence_interval":{"confidence_level":0.95,"lower_bound":77985501.53804731,"upper_bound":78924708.24915555},"point_estimate":78430307.17978805,"standard_error":239038.78072454693},"Median":{"confidence_interval":{"confidence_level":0.95,"lower_bound":77902591.10294117,"upper_bound":78499411.3229638},"point_estimate":78271625.65897974,"standard_error":161024.95843901098},"MedianAbsDev":{"confidence_interval":{"confidence_level":0.95,"lower_bound":1090735.558844802,"upper_bound":1872058.4101502532},"point_estimate":1493100.4002435848,"standard_error":194946.47059032443},"Slope":{"confidence_interval":{"confidence_level":0.95,"lower_bound":77801850.56785353,"upper_bound":78402760.98731785},"point_estimate":78100787.22672085,"standard_error":153028.63439468335},"StdDev":{"confidence_interval":{"confidence_level":0.95,"lower_bound":1668114.9308551417,"upper_bound":3091733.3135205675},"point_estimate":2407541.0163707356,"standard_error":364529.71725306637}}