{"Mean":{"confidence_interval":{"confidence_level":0.95,"lower_bound":69774380.56206343,"upper_bound":70978525.72891591},"point_estimate":70288591.37356411,"standard_error":308481.1083054481},"Median":{"confidence_interval":{"confidence_level":0.95,"lower_bound":69789802.27536231,"upper_bound":70422177.49350649},"point_estimate":70118356.72222221,"standard_error":155284.86526226957},"MedianAbsDev":{"confidence_interval":{"confidence_level":0.95,"lower_bound":987923.9367369002,"upper_bound":1728524.1552400491},"point_estimate":1265546.6577856413,"standard_error":186228.76139304842},"Slope":{"confidence_interval":{"confidence_level":0.95,"lower_bound":70296868.33333091,"upper_bound":70864372.44243845},"point_estimate":70580250.01238954,"standard_error":145064.83702883346},"StdDev":{"confidence_interval":{"confidence_level":0.95,"lower_bound":1443886.4441244497,"upper_bound":4858500.6884026565},"point_estimate":3110497.191117742,"standard_error":1082362.7561234722}}