{"Mean":{"confidence_interval":{"confidence_level":0.95,"lower_bound":67885437.42390913,"upper_bound":68907007.06071216},"point_estimate":68369997.08866523,"standard_error":259716.01030529256},"Median":{"confidence_interval":{"confidence_level":0.95,"lower_bound":67781703.47311828,"upper_bound":68365455.05714285},"point_estimate":68135072.61849262,"standard_error":154548.50591659275},"MedianAbsDev":{"confidence_interval":{"confidence_level":0.95,"lower_bound":859614.8028471124,"upper_bound":1559706.0841804848},"point_estimate":1143598.4162714642,"standard_error":180168.88746414},"Slope":{"confidence_interval":{"confidence_level":0.95,"lower_bound":68183843.83826794,"upper_bound":68714980.812806},"point_estimate":68431728.46868923,"standard_error":135682.99779227938},"StdDev":{"confidence_interval":{"confidence_level":0.95,"lower_bound":1723057.6524612603,"upper_bound":3529085.465621926},"point_estimate":2620939.1806560955,"standard_error":474023.30325379525}}