{"Mean":{"confidence_interval":{"confidence_level":0.95,"lower_bound":99620193.23581712,"upper_bound":103421652.87892635},"point_estimate":101494584.510402,"standard_error":968246.6706226311},"Median":{"confidence_interval":{"confidence_level":0.95,"lower_bound":99343695.875,"upper_bound":103742790.72222222},"point_estimate":102265645.89166667,"standard_error":1182782.3925373943},"MedianAbsDev":{"confidence_interval":{"confidence_level":0.95,"lower_bound":6484664.2658161735,"upper_bound":11259234.487394193},"point_estimate":8378785.435018991,"standard_error":1267339.3811741264},"Slope":{"confidence_interval":{"confidence_level":0.95,"lower_bound":96346565.50208318,"upper_bound":100429804.76955254},"point_estimate":98326750.17720704,"standard_error":1041268.4430129442},"StdDev":{"confidence_interval":{"confidence_level":0.95,"lower_bound":7916540.9783802135,"upper_bound":11680708.941805385},"point_estimate":9745329.05887894,"standard_error":973925.304987209}}