{"Mean":{"confidence_interval":{"confidence_level":0.95,"lower_bound":75738773.2377809,"upper_bound":77005874.65676185},"point_estimate":76327994.72794336,"standard_error":322310.36668804067},"Median":{"confidence_interval":{"confidence_level":0.95,"lower_bound":75894144.1,"upper_bound":76944866.47191012},"point_estimate":76313817.11863637,"standard_error":269503.0478302228},"MedianAbsDev":{"confidence_interval":{"confidence_level":0.95,"lower_bound":1518602.83782418,"upper_bound":2566615.7523966413},"point_estimate":2142893.836005085,"standard_error":277537.2333956706},"Slope":{"confidence_interval":{"confidence_level":0.95,"lower_bound":76335940.48560263,"upper_bound":77161997.50652307},"point_estimate":76752400.09604847,"standard_error":210187.6131122827},"StdDev":{"confidence_interval":{"confidence_level":0.95,"lower_bound":2041133.8410353428,"upper_bound":4603731.670679498},"point_estimate":3230755.01885979,"standard_error":735948.2854210496}}