{"Mean":{"confidence_interval":{"confidence_level":0.95,"lower_bound":57774340.80806907,"upper_bound":61486077.78080959},"point_estimate":59251319.19437732,"standard_error":976140.5880028231},"Median":{"confidence_interval":{"confidence_level":0.95,"lower_bound":56961240.07692308,"upper_bound":57721466.69515669},"point_estimate":57262689.48219387,"standard_error":222449.97849078584},"MedianAbsDev":{"confidence_interval":{"confidence_level":0.95,"lower_bound":1020006.6906659253,"upper_bound":2031998.1550454171},"point_estimate":1641056.1776076283,"standard_error":255739.4295230067},"Slope":{"confidence_interval":{"confidence_level":0.95,"lower_bound":56841608.53642858,"upper_bound":65879204.88122899},"point_estimate":59983144.16839072,"standard_error":2580212.8433865365},"StdDev":{"confidence_interval":{"confidence_level":0.95,"lower_bound":2672856.4405606007,"upper_bound":16031798.983988952},"point_estimate":9833028.916866211,"standard_error":4142968.660093881}}